"nzffdRecordNumber","catchmentName","waterBody","waterTemperature","minLength","samplingMethod"
1239,"Waitemata Hbr","Rangitopuni Stream",19.8,20,"Other net - Unknown type of net"
2440,"Waikato R","Rotohouhou Stream",10,34,"Electric fishing - Type unknown"
2441,"Waikato R","Whirinaki Stream",18.2,62,"Electric fishing - Type unknown"
2477,"Taieri R","Contour Channel tributary",9,15,"Other net - Hand net"
2697,"Waitakere R","Waitakere River",17.5,40,"Electric fishing - Type unknown"
2698,"Waitakere R","Waitupu Stream",17.5,20,"Electric fishing - Type unknown"
2700,"Waitakere R","Waitakere River",17.5,30,"Electric fishing - Type unknown"
3248,"Mokau R","Mangakawhia Stream",17.2,80,"Electric fishing - Backpack"
4250,"Orewa R","Orewa River tributary",23.5,30,"Electric fishing - Backpack"
4515,"Whanganui R","Pepenui Stream",20.7,45,"Electric fishing - Type unknown"
4516,"Whanganui R","Taringapupu Stream",18.8,60,"Electric fishing - Type unknown"
4517,"Whanganui R","Pungapunga River",23,40,"Electric fishing - Type unknown"
4525,"Whanganui R","Pukerimu Stream",11.3,25,"Electric fishing - Type unknown"
5965,"Awakino R","Kuriwera Stream",16,40,"Electric fishing - Backpack"
5966,"Awakino R","Kuriwera Stream",16,40,"Electric fishing - Backpack"
5967,"Awakino R","Kuriwera Stream",16,50,"Electric fishing - Backpack"
5983,"Mokau R","Totara Stream",17,50,"Electric fishing - Backpack"
6276,"Clutha R","Carsons Creek tributary",11.5,116,"Electric fishing - Type unknown"
6380,"Clutha R","Talla Burn",12.1,39,"Electric fishing - Type unknown"
7111,"Waikato R","Mangapiko Stream tributary",20,50,"Other net - Push net"
7733,"Kenepuru Snd","Unnamed stream Double Bay",13,70,"Other net - combination of nets and traps"
7734,"Pelorus Snd","Unnamed stream Maori Bay",13,80,"Traps - Gee minnow"
7776,"Piako R","Waitakaruru Stream",15,50,"Other net - Push net"
7863,"Shag R","Maori Tommy Gully",3.8,20,"Electric fishing - Type unknown"
8171,"Kohaihai R","Kohaihai River tributary",8.5,30,"Electric fishing - Backpack"
8208,"Ngakawau R","Steep Creek",13.5,30,"Electric fishing - Type unknown"
8597,"Mokau R","Panirau Stream",16,50,"Electric fishing - Backpack"
8613,"Mokau R","Mokau River tributary",21.5,75,"Electric fishing - Backpack"
8623,"Mokau R","Mangaharakeke Stream",18.2,40,"Electric fishing - Backpack"
8626,"Mokau R","Mangaharakeke Stream",17,40,"Electric fishing - Backpack"
8627,"Mokau R","Mangaharakeke Stream",17,30,"Electric fishing - Backpack"
8630,"Mokau R","Waipotipoti Stream",19,30,"Electric fishing - Backpack"
8631,"Mokau R","Waipotipoti Stream",19,30,"Electric fishing - Backpack"
8632,"Mokau R","Mokauiti Stream",19.5,100,"Electric fishing - Backpack"
8633,"Mokau R","Mokauiti Stream",19.5,30,"Electric fishing - Backpack"
8635,"Mokau R","Waipari Stream",20,50,"Electric fishing - Backpack"
8636,"Mokau R","Waipari Stream",20,50,"Electric fishing - Backpack"
8639,"Mokau R","Pangaki Stream",19.5,80,"Electric fishing - Backpack"
8640,"Mokau R","Pangaki Stream",19.5,30,"Electric fishing - Backpack"
8641,"Mokau R","Mairoa Stream",18,90,"Electric fishing - Backpack"
8642,"Mokau R","Mairoa Stream",18,80,"Electric fishing - Backpack"
8795,"Maungamaungaroa C","Maungamaungaroa Creek",17.8,60,"Electric fishing - Backpack"
9061,"Otahu R","Otahu River",12,30,"Electric fishing - Backpack"
9062,"Otahu R","Otahu River",11,50,"Electric fishing - Backpack"
9870,"Waikato R","Whirinaki Stream",14,33,"Electric fishing - Type unknown"
9872,"Waikato R","Rotohouhou Stream",11.5,37,"Electric fishing - Type unknown"
9873,"Waikato R","Whirinaki Stream",17.5,38,"Electric fishing - Type unknown"
9874,"Waikato R","Karapiti Stream",12.5,24,"Electric fishing - Type unknown"
9961,"Buller R","Louis Creek",8,150,"Electric fishing - Backpack"
10054,"Waikato R","Awaroa River",17,50,"Observation - Observation"
10132,"Motueka R","Slippery Creek",15,110,"Electric fishing - Backpack"
10134,"Buller R","Maggie Creek",18,45,"Electric fishing - Type unknown"
10373,"Motueka R","Rainy River",19,45,"Electric fishing - Backpack"
10450,"Motueka R","Baton River",13.5,55,"Electric fishing - Backpack"
10500,"Waitemata Hbr","Hellyers Creek",10.4,30,"Electric fishing - Combination of traps and electric fishing"
10629,"Puhoi R","Hikauae Creek tributary",7.9,80,"Electric fishing - Combination of traps and electric fishing"
10631,"Puhoi R","Hikauae Creek",7.8,30,"Electric fishing - Combination of traps and electric fishing"
10686,"Tairua R","Duck Creek tributary",13.9,30,"Electric fishing - Type unknown"
10688,"Tairua R","Duck Creek tributary",13.8,20,"Electric fishing - Type unknown"
11026,"Waitakere R","Waitoru Stream",16,10,"Electric fishing - Type unknown"
11027,"Waitakere R","Mokoroa Stream",17,10,"Electric fishing - Type unknown"
11028,"Waitakere R","Mokoroa Stream",17,10,"Electric fishing - Type unknown"
11037,"Big Muddy C","Nihotupu Stream",15,20,"Electric fishing - Type unknown"
11044,"Mahurangi Hbr","Mahurangi River tributary",11.4,10,"Electric fishing - Type unknown"
11049,"Wairoa R","Cosseys Creek",6,30,"Electric fishing - Type unknown"
11127,"Whanganui In","Whanganui Inlet tributary",11.5,20,"Electric fishing - Type unknown"
11129,"Whanganui In","Unnamed stream Whanganui Inlet",12.2,200,"Electric fishing - Type unknown"
11130,"Whanganui In","Unnamed stream Whanganui Inlet",12.4,80,"Electric fishing - Type unknown"
11834,"Karoro C","Karoro Creek",9.6,35,"Electric fishing - Type unknown"
11836,"Longbeach C","Longbeach Creek tributary",8,10,"Electric fishing - Type unknown"
11837,"Waipati R","Alison Creek",7,55,"Electric fishing - Type unknown"
11838,"Hukihuki C","Hukihuki Creek",11,65,"Electric fishing - Type unknown"
11839,"Tautuku B","Isas Creek",9,50,"Electric fishing - Type unknown"
11840,"Catlins R","Sweetwater Creek",9,70,"Electric fishing - Backpack"
11841,"Catlins R","Mill Creek",8.5,60,"Electric fishing - Type unknown"
11844,"Purakaunui R","Purakauiti Stream",10,10,"Electric fishing - Backpack"
12315,"Grey R","Slab Hut Creek",12.5,75,"Electric fishing - Bank generator or mains"
12408,"Wairau R","Excell Stream",12.5,75,"Electric fishing - Type unknown"
12409,"Wairau R","Excell Stream",14,90,"Electric fishing - Type unknown"
12485,"Nelson Haven","Unnamed stream Wakapuaka",12,40,"Electric fishing - Backpack"
13493,"Awatere R","Nina Brook",15.5,55,"Electric fishing - Backpack"
14044,"Henderson C","Waikumete Stream",12.8,70,"Electric fishing - Combination of traps and electric fishing"
14194,"Waikato R","Awaroa Stream",15.3,70,"Electric fishing - Bank generator or mains"
14195,"Waikato R","Lake Waahi tributary",14.5,40,"Electric fishing - Bank generator or mains"
14196,"Waikato R","Awaroa Stream",16.7,40,"Electric fishing - Bank generator or mains"
14198,"Waikato R","Waitawhara Stream",14.3,40,"Electric fishing - Bank generator or mains"
14214,"Otahu R","Waiharakeke Stream",15.8,35,"Electric fishing - Bank generator or mains"
14234,"Waitemata Hbr","Lucas Creek tributary",18,75,"Electric fishing - Backpack"
14250,"Nukumea S","Nukumea Stream",18,40,"Traps - Gee minnow"
14325,"Te Puru S","Te Puru Stream",16.1,100,"Electric fishing - Combination of traps and electric fishing"
14383,"Pelorus R","Brown River",11.7,90,"Electric fishing - Backpack"
14387,"Clova B","Totaranui Stream",14,55,"Electric fishing - Backpack"
14392,"Pelorus R","Pelorus River tributary",12.5,33,"Electric fishing - Backpack"
14600,"Nelson Haven","Unnamed stream Wakapuaka",12,30,"Electric fishing - Backpack"
15708,"Maraetaha R","Mangakotukutuku Stream tributary",16,180,"Electric fishing - Bank generator or mains"
15968,"Waiau R","Waiau River",12.9,52,"Electric fishing - Backpack"
16169,"Grey R","Bruce Creek tributary",16,25,"Electric fishing - Backpack"
16333,"Grey R","Duffers Creek",17.9,60,"Electric fishing - Backpack"
16335,"Grey R","Palmer Creek",13.9,60,"Electric fishing - Backpack"
17004,"Okura R","Okura River tributary",10.2,50,"Electric fishing - Backpack"
17005,"Okura R","Okura River tributary",12.5,40,"Other net - combination of nets and traps"
17006,"Okura R","Okura River tributary",11.8,30,"Other net - combination of nets and traps"
17089,"Mahurangi Hbr","Unnamed stream Snells Beach",12,20,"Other net - combination of nets and traps"
17090,"Mahurangi Hbr","Unnamed stream Snells Beach",12,25,"Other net - combination of nets and traps"
17092,"Mahurangi Hbr","Unnamed stream Snells Beach",13.5,10,"Other net - combination of nets and traps"
17756,"Tarawera R","Ruruanga Stream",13,40,"Electric fishing - Type unknown"
17757,"Tarawera R","Buddles Creek",14.1,60,"Electric fishing - Type unknown"
17877,"Ngakawau R","Ngakawau River",15,40,"Electric fishing - Type unknown"
17880,"Ngakawau R","St David Stream",12,50,"Electric fishing - Type unknown"
18004,"Waitemata Hbr","Kaipatiki Creek",15.3,60,"Electric fishing - Combination of traps and electric fishing"
18102,"Motueka R","Sherry River",13,45,"Electric fishing - Backpack"
18103,"Kaituna R","Dangerous Creek",16,60,"Electric fishing - Type unknown"
18114,"Motueka R","Brough Creek",7,60,"Electric fishing - Backpack"
19218,"Hikimutu Lgn","Unnamed forest pool",11.8,59,"Traps - Gee minnow"
19247,"Okarito R","Unnamed wetland",12,29,"Traps - Gee minnow"
19294,"Maraetotara R","Maraetotara River",11.5,80,"Traps - Bait trap (Killwell)"
19706,"Te Haruhi B","Unnamed stream Te Haruhi Bay",18,40,"Traps - Bait trap (Killwell)"
20114,"Orowaiti R","Unnamed wetland",15.6,35,"Traps - Gee minnow"
21601,"L Ototoa","Lake Ototoa",19,50,"Other net - combination of nets and traps"
21616,"Anchor B","Unnamed stream Anchor Bay",10,30,"Other net - combination of nets and traps"
21911,"Waikato R","Firewood Creek",17,81,"Electric fishing - Bank generator or mains"
21914,"Waikato R","Firewood Creek tributary",14.2,6,"Electric fishing - Bank generator or mains"
22337,"Kaituna R","Kaituna River",20.9,40,"Other net - combination of nets and traps"
22962,"Ruakaka R","Ruakaka River tributary",21.6,100,"Traps - Bait trap (Killwell)"
23397,"Wairoa R","Kaihu River tributary",16.4,50,"Electric fishing - Backpack"
23402,"Waikato R","Ngakoaohia Stream",18.9,40,"Electric fishing - Bank generator or mains"
23481,"Makara S","Hawkins Gully",12.9,23,"Electric fishing - Backpack"
23483,"Makara S","Mill Creek",16.6,19,"Electric fishing - Backpack"
23484,"Makara S","Mill Creek",18.4,39,"Electric fishing - Backpack"
23495,"Pauatahanui In","Duck Creek",17.7,11,"Electric fishing - Backpack"
23497,"Pauatahanui In","Duck Creek",12.8,20,"Electric fishing - Backpack"
23503,"Waikato R","Naike Stream",16.5,90,"Electric fishing - Bank generator or mains"
23516,"Tairua R","Boom Stream tributary",16.2,112,"Electric fishing - Bank generator or mains"
23517,"Tairua R","Fourth Branch",22.1,20,"Electric fishing - Bank generator or mains"
23834,"Waipu R","Waihoihoi River tributary",14.3,60,"Electric fishing - Backpack"
24256,"Waimakariri R","Otukaikino Creek tributary",12.5,110,"Electric fishing - Backpack"
25356,"Clutha R","Back Creek",11.5,150,"Electric fishing - Backpack"
25360,"Clutha R","Diggers Stream",9.5,15,"Electric fishing - Backpack"
25361,"Clutha R","Diggers Stream",10.5,110,"Electric fishing - Backpack"
26199,"Tokomairiro R","Upper Narrowdale Stream",11,35,"Electric fishing - Backpack"
26200,"Tokomairiro R","Lower Narrowdale Stream",10,25,"Electric fishing - Backpack"
26567,"Kakanui R","Kauru River tributary",2,86,"Electric fishing - Backpack"
26575,"Clutha R","Thompsons Creek tributary",3,19,"Electric fishing - Backpack"
26580,"Clutha R","Old Hut Creek",8,75,"Electric fishing - Backpack"
30210,"Waiau R","Camp Creek",14.2,90,"Electric fishing - Backpack"
30211,"Waiau R","Camp Creek tributary",13.6,65,"Electric fishing - Backpack"
33128,"Waimea River","Wai-iti River",24.1,90,"Electric fishing - Backpack"
33131,"Waimea River","Wai-iti River",24,70,"Electric fishing - Backpack"
36145,"Waikawa S","Waikawa Stream",9.9,10,"Electric fishing - Bank generator or mains"
36204,"Atua Stream","Atua Stream",14.2,40,"Electric fishing - Backpack"
36205,"Atua Stream","Atua Stream",13.7,30,"Electric fishing - Backpack"
36206,"Waimea In","Saxton Creek",17.9,50,"Electric fishing - Backpack"
36211,"Tuapata S","Unnamed stream Tuapata Stream",17.8,30,"Electric fishing - Backpack"
33309,"Ngaruroro R","Mangatarata Stream",14,35,"Observation - Spotlighting not captured to ID"
33310,"Tutaekuri R","Waiiti Stream",17.7,60,"Electric fishing - Backpack"
33315,"Ngaruroro R","Waitio Stream",14.6,10,"Electric fishing - Backpack"
101084,"Rangitikei R","Makomiko Stream",10,10,"Electric fishing - Bank generator or mains"
101101,"Manawatu R","Mangapapa Stream",9.3,8,"Electric fishing - Type unknown"
101103,"Rangitikei R","Porewa Stream",10.5,5,"Electric fishing - Type unknown"
101104,"Manawatu R","Tokomaru River",17.1,20,"Electric fishing - Type unknown"
101105,"Waikawa S","Waikawa Stream",12.5,20,"Electric fishing - Type unknown"
101108,"Manawatu R","Roaring Creek",7.3,8,"Electric fishing - Bank generator or mains"
101110,"Manawatu R","Mangatainoka River",6.4,10,"Electric fishing - Bank generator or mains"
101111,"Manawatu R","Mangatainoka River tributary",6.5,10,"Observation - Spotlighting not captured to ID"
101114,"Manawatu R","Turitea Stream tributary",11.7,15,"Observation - Spotlighting not captured to ID"
101117,"Whanganui R","Mangaturuturu River tributary",12.5,10,"Observation - Spotlighting not captured to ID"
101120,"Waikawa S","Panatewaewae Stream",8.7,15,"Observation - Spotlighting not captured to ID"
101124,"Manawatu R","Manawatu River tributary",10.4,20,"Electric fishing - Bank generator or mains"
102246,"Maitai River","Maitai River South Branch",9.7,20,"Electric fishing - Backpack"
100953,"Maitai River","Maitai River tributary",13.5,40,"Electric fishing - Backpack"
100954,"Maitai River","The Brook",8.4,30,"Electric fishing - Backpack"
100955,"Maitai River","The Brook",14.1,60,"Observation - Spotlighting not captured to ID"
102307,"Maitai River","Maitai River",21,60,"Observation - Spotlighting not captured to ID"
109593,"Orewa River","Orewa River tributary",9.7,40,"Electric fishing - Backpack"
109610,"Mahurangi Harbour","Mahurangi River unnamed tributary",16.2,15,"Electric fishing - Backpack"
109616,"Pahurehure In","Papakura Stream",16.3,25,"Electric fishing - Combination of traps and electric fishing"
109698,"Whau River","Gaden Stream tributary",14.4,52,"Electric fishing - Backpack"
109700,"Pahurehure In","Papakura Stream tributary",12.9,42,"Electric fishing - Backpack"
109701,"Turanga Creek","Turanga Creek tributary",13.7,38,"Electric fishing - Backpack"
109708,"Kawakawa Bay","Rautawa Stream",19.2,65,"Electric fishing - Backpack"
109709,"Kawakawa Bay","Rautawa Stream",16.1,45,"Electric fishing - Backpack"
109710,"Kawakawa Bay","Rautawa Stream",15.5,30,"Electric fishing - Backpack"
109711,"Kawakawa Bay","Rautawa Stream",14.8,45,"Electric fishing - Backpack"
109712,"Mahurangi Harbour","Mahurangi River tributary",15.1,33,"Electric fishing - Combination of traps and electric fishing"
109728,"Puhoi R","Hikauae Creek tributary",15.2,64,"Electric fishing - Combination of traps and electric fishing"
109730,"Mahurangi Hbr","Mahurangi River (Right Branch)",17,42,"Electric fishing - Combination of traps and electric fishing"
109731,"Mahurangi Hbr","Mahurangi River (Left Branch)",10,34,"Electric fishing - Combination of traps and electric fishing"
109732,"Puhoi R","Hikauae Creek tributary",15.2,18,"Electric fishing - Combination of traps and electric fishing"
109733,"Puhoi R","Hikauae Creek",17.6,17,"Electric fishing - Combination of traps and electric fishing"
109734,"Mahurangi Hbr","Mahurangi River (Right Branch)",17,18,"Electric fishing - Combination of traps and electric fishing"
109735,"Mahurangi Hbr","Mahurangi River (Left Branch)",17.6,15,"Electric fishing - Combination of traps and electric fishing"
109742,"Kaukapakapa River","Waitoki Stream tributary",12.9,30,"Electric fishing - Backpack"
109743,"Kaukapakapa River","Waitoki Stream",10.5,25,"Electric fishing - Backpack"
109751,"Pahurehure In","Papakura Stream tributary",14.8,25,"Electric fishing - Combination of traps and electric fishing"
109753,"Pahurehure In","Papakura Stream tributary",15.3,35,"Electric fishing - Combination of traps and electric fishing"
109764,"Te Puru Stream","Te Puru Stream tributary",14.8,28,"Electric fishing - Combination of traps and electric fishing"
109769,"Pahurehure In","Papakura Stream tributary",12,42,"Electric fishing - Backpack"
123736,"Kaipatiki Creek","Eskdale Reserve",16.1,7,"Traps - Gee minnow"
124822,"Turanga Creek","Turanga Creek tributary",14.6,15,"Traps - Gee minnow"
124826,"Turanga Creek","Turanga Creek tributary",14.6,15,"Fyke net - Standard"
124827,"Turanga Creek","Turanga Creek tributary",14.6,15,"Fyke net - Standard"
124837,"Bream Bay","Langs Beach Stream",13.5,55,"Traps - Gee minnow"
124843,"Hatea River","Raumanga Stream",13.2,65,"Traps - Gee minnow"
124846,"Turanga Creek","Mangemangeroa Creek tributary",14.6,10,"Fyke net - Standard"
124849,"Mangemangeroa Creek","Mangemangeroa Creek tributary",14.1,15,"Fyke net - Standard"
125617,"Waihopai","Waihopai River Tributary",15,95,"Electric fishing - Backpack"
125686,"Waikato River","Karapiro Stream tributary",16,60,"Electric fishing - Backpack"
125813,"Ruamahunga River","Fensham Reserve Water Race",16,35,"Fyke net - Standard"
126643,"Granite Creek","Kimberley Creek (side trib)",12.7,87,"Observation - Spotlighting capture to ID"
126789,"Waimea inlet","Waimea inlet",17.9,30,"Observation - Spotlighting not captured to ID"
126792,"Takaka river","Waikoropupu river",17.6,10,"Electric fishing - Backpack"
127756,"Karori Stream","Karori Stream",12.8,22,"Electric fishing - Backpack"
128081,"Motupipi River","Motupipi River",14.2,40,"Observation - Spotlighting capture to ID"
128083,"Maitai River","Maitai River",15,15,"Other net - Hand net"
128084,"Maitai River","Maitai River",14,15,"Other net - Hand net"
128086,"Maitai River","Maitai River",17,20,"Other net - Hand net"
128100,"Waimea Inlet","Poorman Valley Stream",18,50,"Other net - Hand net"
128102,"Waimea Inlet","Poorman Valley Stream",17,50,"Other net - Hand net"
128220,"Maitai River","The Brook",17,20,"Other net - Hand net"
128365,"Kapitea Creek","Kapitia Creek tributary",14.6,38,"Electric fishing - Backpack"
128504,"Opaoa River","Waterlea Creek",15.2,10,"Electric fishing - Backpack"
128505,"Opaoa River","Murpheys Creek",15.5,30,"Electric fishing - Backpack"
128506,"Opaoa River","Fulton Creek",14.9,20,"Electric fishing - Backpack"
129155,"Waimea Creek","Shamrock Creek",14.1,40,"Observation - Spotlighting not captured to ID"
129498,"Smoothwater River","Sparkle Rill",9.3,25,"Observation - Spotlighting capture to ID"
129745,"Pelorus River","Tunakino River",14.8,50,"Electric fishing - Backpack"
129748,"Pelorus River","Kaiuma Stream",17.5,40,"Electric fishing - Backpack"
129749,"Pelorus River","Rai River tibutary",12.8,35,"Electric fishing - Backpack"
130092,"Araparera River","Araparera River Tributary",10.4,20,"Fyke net - Standard"
131931,"Takaka river","Takaka river",11.5,50,"Observation - Spotlighting capture to ID"
132746,"Pelorus River","Flat Creek",15.8,40,"Electric fishing - Backpack"
132747,"Pelorus River","Brown River",15.6,65,"Electric fishing - Backpack"
132748,"Pelorus River","Brown River tributary",12.9,40,"Electric fishing - Backpack"
132749,"Pelorus River","Ruapake Stream",13.4,30,"Electric fishing - Backpack"
132752,"Pelorus River","Pelorus River tributary",12.1,50,"Electric fishing - Backpack"
132755,"Pelorus River","Doom Creek",13.1,40,"Electric fishing - Backpack"
132757,"Pelorus River","Tunakino River Tributary",13,20,"Electric fishing - Backpack"
132758,"Pelorus River","Tunakino River tributary",13.4,10,"Electric fishing - Backpack"
133767,"Karaka Stream","Collarbone Road",16.3,38,"Other net - Hand net"
133864,"Orewa River","Orewa River tributary",17.694,20,"Observation - Spotlighting not captured to ID"
